;file;normalized_mean;normalized_conf_1_low;normalized_conf_1_high;normalized_conf_2_low;normalized_conf_2_high
0;./invariants-bank-account/mixed/;0.33993934899371714;0.3355271543130884;0.3443515436743459;0.33111458884403233;0.34876410914340195
1;./invariants-bank-account-lww/mixed/;0.006205499073529723;0.006118299689289915;0.006292698457769531;0.006031092977059188;0.006379905170000257
2;./invariants-consensus/mixed/;0.006150824235572831;0.00605389926760218;0.006247749203543483;0.005956966154329916;0.0063446823168157454
3;./invariants-credit-account/mixed/;0.32052099138899737;0.3163422250902756;0.32469975768771914;0.31216310761979094;0.3288788751582038
4;./invariants-distributed-lock/mixed/;0.006661831169888045;0.006586411112536839;0.00673725122723925;0.006510984717096206;0.006812677622679884
5;./invariants-joint-bank-account/mixed/;0.005915370763949159;0.005842688706853557;0.005988052821044761;0.005770000541762365;0.006060740986135952
6;./invariants-message-groups/mixed/;0.5082088382341282;0.503537677672869;0.5128799987953875;0.49886612456041846;0.5175515519078381
7;./invariants-resettable-counter/mixed/;0.005985000219602421;0.0058700846236513365;0.006099915815553507;0.005755159370516879;0.006214841068687964
8;./invariants-tournaments/mixed/;0.0075883347535657016;0.0075189749376409825;0.007657694569490421;0.007449609292912476;0.007727060214218927
