;file;normalized_mean;normalized_conf_1_low;normalized_conf_1_high;normalized_conf_2_low;normalized_conf_2_high
0;./invariants-bank-account/mixed/;2.9380435145445793;2.8960454116427345;2.980041617446424;2.8476455811338806;3.028441447955278
1;./invariants-bank-account-lww/mixed/;132.84889642554884;126.67036519527892;139.02742765581877;119.55004680762163;146.14774604347602
2;./invariants-consensus/mixed/;122.67250933597911;115.66182406356184;129.68319460839638;107.58250724944422;137.76251142251402
3;./invariants-credit-account/mixed/;3.1189131012589186;3.059271045522476;3.1785551569953614;2.9905378126050275;3.24728838991281
4;./invariants-distributed-lock/mixed/;117.71933671934251;112.16209519261224;123.27657824607276;105.75776905866451;129.6809043800205
5;./invariants-joint-bank-account/mixed/;135.00178309840513;128.81085841947268;141.1927077773376;121.67625746252673;148.3273087342835
6;./invariants-message-groups/mixed/;1.9677860498170168;1.9466433740329623;1.9889287256010713;1.9222779419361007;2.0132941576979326
7;./invariants-resettable-counter/mixed/;126.14769863356916;120.28219497086579;132.01320229627257;113.52261862077691;138.77277864636142
8;./invariants-tournaments/mixed/;130.92755320576384;113.42480950667243;148.43029690485525;93.25414059679811;168.60096581472953
