;file;normalized_mean;normalized_conf_1_low;normalized_conf_1_high;normalized_conf_2_low;normalized_conf_2_high
0;./invariants-bank-account/mixed/;1.1157004336050864;1.1012193576928697;1.1301815095173031;1.0867370648317756;1.1446638023783973
1;./invariants-bank-account-lww/mixed/;0.9818425107953614;0.9680457055187273;0.9956393160719955;0.9542477407973948;1.009437280793328
2;./invariants-consensus/mixed/;1.1008940794027675;1.0835461404439402;1.1182420183615949;1.066196743613131;1.135591415192404
3;./invariants-credit-account/mixed/;1.047476045312246;1.0338196617540258;1.0611324288704662;1.0201621305517532;1.074789960072739
4;./invariants-distributed-lock/mixed/;0.9684803140140389;0.9575159351572748;0.979444692870803;0.9465506348849595;0.9904099931431182
5;./invariants-joint-bank-account/mixed/;0.949882194201217;0.9382110082979116;0.9615533801045224;0.9265388415809793;0.9732255468214547
6;./invariants-resettable-counter/mixed/;1.0547379218644153;1.0344863207924089;1.0749895229364217;1.0142330178328258;1.0952428258960047
7;./invariants-tournaments/mixed/;0.9298139862665042;0.9091444069288074;0.950483565604201;0.8884730905778161;0.9711548819551923
