;file;normalized_mean;normalized_conf_1_low;normalized_conf_1_high;normalized_conf_2_low;normalized_conf_2_high
0;./invariants-bank-account/mixed/;0.897478615683868;0.8846495343353097;0.9103076970324263;0.8698649293186093;0.9250923020491267
1;./invariants-bank-account-lww/mixed/;1.0872174392590583;1.036653173515829;1.1377817050022876;0.9783814487787227;1.1960534297393937
2;./invariants-consensus/mixed/;0.8736557390856777;0.8237266599763913;0.9235848181949643;0.7661869427181982;0.9811245354531573
3;./invariants-credit-account/mixed/;0.9573868414000131;0.9390790150828681;0.9756946677171582;0.9179805456399439;0.9967931371600823
4;./invariants-distributed-lock/mixed/;0.9715854690001474;0.9257192989590437;1.0174516390412511;0.8728617958173434;1.0703091421829516
5;./invariants-joint-bank-account/mixed/;1.0637468653266937;1.014965459855273;1.1125282707981143;0.9587483549465475;1.1687453757068398
6;./invariants-resettable-counter/mixed/;0.8895507414284797;0.8481892010394996;0.9309122818174599;0.8005229636122886;0.9785785192446707
7;./invariants-tournaments/mixed/;1.0997030271881791;1.0478923523825752;1.1515137019937831;0.9881842297323389;1.2112218246440192
