;file;normalized_mean;normalized_conf_1_low;normalized_conf_1_high;normalized_conf_2_low;normalized_conf_2_high
0;../results/default/large-local-bench-results/counter/strong/;2.104466395499457;2.1026866715082044;2.1062461194907103;2.1009063527093796;2.108026438289534
0;../results/default/large-local-bench-results/counter/weak/;0.10784588719558301;0.1073320210846304;0.10835975330653562;0.10681798323274767;0.10887379115841835
0;../results/default/large-local-bench-results/message-groups/strong/;15.614902198125082;15.49817375698051;15.731630639269651;15.381406303629015;15.848398092621142
0;../results/default/large-local-bench-results/message-groups/weak/;0.23950915130154846;0.2380295167393642;0.2409887858637327;0.23654938766351094;0.242468914939586
0;../results/default/large-local-bench-results/quoddy/weak/;0.16391357584613572;0.16311776003989364;0.1647093916523778;0.16232167826136065;0.1655054734309108
0;../results/default/large-local-bench-results/rubis/strong/;4.687447998345433;4.635655235594574;4.739240761096291;4.583825709134753;4.791070287556113
0;../results/default/large-local-bench-results/rubis/weak/;0.07522979203810616;0.07460251751152872;0.0758570665646836;0.07397479773088662;0.0764847863453257
0;../results/default/large-local-bench-results/twitter-clone/strong/;7.965592739716652;7.917985566659919;8.013199912773386;7.870362482648941;8.060822996784365
0;../results/default/large-local-bench-results/twitter-clone/weak/;0.15657109013022488;0.1556266329956597;0.15751554726479006;0.15468186021088282;0.15846032004956692
