;file;mean;median;len;std;conf_1_low;conf_1_high;conf_2_low;conf_2_high
0;../results/default/local-bench-results/mixed/counter/;0.18228456561333337;0.15927761000000001;1500;0.18327868240312542;0.17754906980869667;0.18702006141797006;0.17280902574709506;0.19176010547957165
0;../results/default/local-bench-results/strong/counter/;0.3428820790933334;0.32059476;1500;0.14934211517682425;0.33902342542667346;0.34674073275999334;0.3351610656753418;0.350603092511325
0;../results/default/local-bench-results/mixed/message-groups/;0.08478801862;0.074440955;1500;0.04011617011560215;0.08375150988483415;0.08582452735516585;0.08271400562390535;0.08686203161609465
0;../results/default/local-bench-results/strong/message-groups/;0.46548808636;0.3923548;1500;0.29446405415922633;0.45787981858546284;0.47309635413453716;0.4502642433697782;0.4807119293502218
