;file;normalized_mean;normalized_conf_1_low;normalized_conf_1_high;normalized_conf_2_low;normalized_conf_2_high
0;results/contention/mgrp-cont-mixed-1/;0.30386891453680026;0.2973554739758448;0.3103823550977558;0.2908410787792001;0.3168967502944004
0;results/contention/mgrp-cont-mixed-10/;0.2770303845889798;0.2725718067434883;0.28148896243447125;0.2681125754311395;0.28594819374682007
0;results/contention/mgrp-cont-mixed-100/;0.27600029740754295;0.2722010973391943;0.2797994974758916;0.268401419633786;0.2835991751812999
0;results/contention/mgrp-cont-mixed-1000/;0.26804521434145867;0.2643824484022072;0.27170798028071014;0.2607192219784532;0.27537120670446413
