;file;normalized_mean;normalized_conf_1_low;normalized_conf_1_high;normalized_conf_2_low;normalized_conf_2_high
0;results/counter-eventual/;0.017394553909063196;0.0125007408639948;0.02228836695413159;0.006536384510707821;0.028252723307418563
0;results/concertTickets-mixed/;0.7363782160696664;0.7176598599746252;0.7550965721647076;0.6969114374952322;0.7758449946441005
0;results/messageGroups-causal/;0.7525297727079859;0.637766624073876;0.8672929213420959;0.4978985276886154;1.0071610177273562
0;results/eshop-mixed/;0.07035231487882553;0.05368115132135721;0.08702347843629386;0.0327470180366276;0.10795761172102343
0;results/twitterClone-mixed-lesssync/;0.1784605938999901;0.16757252878946902;0.1893486590105112;0.1556526485632907;0.20126853923668953
