;file;normalized_mean;normalized_conf_1_low;normalized_conf_1_high;normalized_conf_2_low;normalized_conf_2_high
0;results/counter-mixed/;0.4774230324653624;0.47017983548185344;0.4846662294488714;0.46289995542827206;0.49194610950245266
0;results/concertTickets-mixed/;0.7363782160696664;0.7176598599746252;0.7550965721647076;0.6969114374952322;0.7758449946441005
0;results/messageGroups-mixed/;0.16323348708436455;0.15407072287579063;0.1723962512929385;0.14403964289984728;0.1824273312688818
0;results/eshop-mixed/;0.07035231487882553;0.05368115132135721;0.08702347843629386;0.0327470180366276;0.10795761172102343
0;results/twitterClone-mixed/;1.0139591446376335;0.9267399358347731;1.1011783534404938;0.8300615211614057;1.1978567681138612
