;file;mean;median;len;std;conf_1_low;conf_1_high;conf_2_low;conf_2_high
0;results/contention/mgrp-cont-mixed-1/;0.004481630598500001;0.0003039205;8000;0.00859095623763744;0.004385566693562617;0.004577694503437385;0.004289488709118215;0.004673772487881787
0;results/contention/mgrp-cont-strong-1/;0.014748565529749999;0.011733544;8000;0.014330755459913611;0.014588319301960969;0.014908811757539029;0.014428049587849056;0.015069081471650942
0;results/contention/mgrp-cont-mixed-10/;0.004609488330375;0.00031144450000000003;8000;0.006634419653076438;0.004535302379330845;0.004683674281419155;0.004461105555299391;0.0047578711054506095
0;results/contention/mgrp-cont-strong-10/;0.01663892694375;0.014777494999999998;8000;0.014629963126316411;0.01647533498167636;0.01680251890582364;0.016311719042915746;0.016966134844584254
0;results/contention/mgrp-cont-mixed-100/;0.005381177769333333;0.000342664;9000;0.007026248707362203;0.00530710476600298;0.0054552507726636865;0.005233022450182925;0.005529333088483741
0;results/contention/mgrp-cont-strong-100/;0.019496999894125;0.0200445245;8000;0.013218239948649317;0.0193491937930645;0.0196448059951855;0.019201366028955443;0.019792633759294558
0;results/contention/mgrp-cont-mixed-1000/;0.005555968805666667;0.00036288650000000004;9000;0.007201524998147439;0.005480047982566219;0.005631889628767114;0.005404117614667376;0.0057078199966659575
0;results/contention/mgrp-cont-strong-1000/;0.02072772990675;0.0210056915;8000;0.012964780121521234;0.020582757988528422;0.020872701824971574;0.020437764822647374;0.021017694990852622
