;file;mean;median;len;std;conf_1_low;conf_1_high;conf_2_low;conf_2_high
0;../results/default/local-bench-results/mixed/counter/;55.43628663754278;53.47529552655501;15;6.219305830803214;53.7125469796833;57.160026295402254;51.78731868295158;59.08525459213398
0;../results/default/local-bench-results/strong/counter/;29.28545721636758;29.835564277010796;15;2.0592385082489932;28.714719713143403;29.856194719591755;28.077268467995587;30.49364596473957
0;../results/default/local-bench-results/mixed/message-groups/;116.59836768187814;116.35702058270289;15;4.981210554953906;115.2177778843487;117.97895747940758;113.67581037651553;119.52092498724076
0;../results/default/local-bench-results/strong/message-groups/;21.909705289652198;22.8433458000025;15;2.975034494625685;21.085146234124306;22.73426434518009;20.164204130837092;23.6552064484673
