;file;normalized_mean;normalized_conf_1_low;normalized_conf_1_high;normalized_conf_2_low;normalized_conf_2_high
0;../results/default/large-local-bench-results/counter/strong/;0.4712246016603032;0.47046539180299485;0.47198381151761154;0.4696760901322336;0.47277311318837284
0;../results/default/large-local-bench-results/counter/weak/;9.21942000638181;9.042140198940144;9.396699813823476;8.857833782395407;9.581006230368212
0;../results/default/large-local-bench-results/message-groups/strong/;0.06431923628161056;0.06258763470030207;0.06605083786291904;0.0607873998797674;0.06785107268345372
0;../results/default/large-local-bench-results/message-groups/weak/;3.9738195679166437;3.94400408267567;4.003635053157617;3.9130068398333635;4.0346322959999235
0;../results/default/large-local-bench-results/quoddy/weak/;5.88730547304894;5.858106930193807;5.916504015904073;5.827751082680107;5.946859863417774
0;../results/default/large-local-bench-results/rubis/strong/;0.22498469415024328;0.2139906290507406;0.23597875924974596;0.20207151417701902;0.2478978741234675
0;../results/default/large-local-bench-results/rubis/weak/;13.084318851981102;12.94936981726617;13.219267886696034;12.803066058619345;13.365571645342857
0;../results/default/large-local-bench-results/twitter-clone/strong/;0.12350953375113682;0.12258974390486786;0.1244293235974058;0.12163349754502312;0.12538556995725053
0;../results/default/large-local-bench-results/twitter-clone/weak/;6.184126730134163;6.145257447763732;6.222996012504594;6.104847554213294;6.263405906055031
